stream,run_name,size,N_params,chinchilla_scale,D_tokens,epochs,K,learning_rate,weight_decay,seed,val_loss,perplexity,tokens_evaluated,run_complete,selected_for_scaling_fit,source_file
selfdistill,30M_seed42_dolma_selfdistill_K1_wd0.1_lr1e-3,30m,30000000,0.25,150000000,,1,0.001,0.1,42,6.629222047151627,756.8930053710938,3478624,True,False,dolma_sd_val_loss/chinchilla_0.25/30M/30M_seed42_dolma_selfdistill_K1_wd0.1_lr1e-3.json
selfdistill,30M_seed42_dolma_selfdistill_K1_wd0.2_lr1e-3,30m,30000000,0.25,150000000,,1,0.001,0.2,42,6.647057948230527,770.51416015625,3478624,True,False,dolma_sd_val_loss/chinchilla_0.25/30M/30M_seed42_dolma_selfdistill_K1_wd0.2_lr1e-3.json
selfdistill,30M_seed42_dolma_selfdistill_K1_wd0.4_lr1e-3,30m,30000000,0.25,150000000,,1,0.001,0.4,42,6.6452546171318385,769.1258544921875,3478624,True,False,dolma_sd_val_loss/chinchilla_0.25/30M/30M_seed42_dolma_selfdistill_K1_wd0.4_lr1e-3.json
selfdistill,30M_seed42_dolma_selfdistill_K1_wd0.1_lr3e-3,30m,30000000,0.25,150000000,,1,0.003,0.1,42,6.554501437646955,702.39892578125,3478624,True,True,dolma_sd_val_loss/chinchilla_0.25/30M/30M_seed42_dolma_selfdistill_K1_wd0.1_lr3e-3.json
selfdistill,30M_seed42_dolma_selfdistill_K1_wd0.2_lr3e-3,30m,30000000,0.25,150000000,,1,0.003,0.2,42,6.55525905097461,702.9313354492188,3478624,True,False,dolma_sd_val_loss/chinchilla_0.25/30M/30M_seed42_dolma_selfdistill_K1_wd0.2_lr3e-3.json
selfdistill,30M_seed42_dolma_selfdistill_K1_wd0.4_lr3e-3,30m,30000000,0.25,150000000,,1,0.003,0.4,42,6.612932478089644,744.6636962890625,3478624,True,False,dolma_sd_val_loss/chinchilla_0.25/30M/30M_seed42_dolma_selfdistill_K1_wd0.4_lr3e-3.json
selfdistill,30M_seed42_dolma_selfdistill_K2_wd0.1_lr1e-3,30m,30000000,0.25,150000000,,2,0.001,0.1,42,5.878099157304301,357.1296691894531,3478624,True,False,dolma_sd_val_loss/chinchilla_0.25/30M/30M_seed42_dolma_selfdistill_K2_wd0.1_lr1e-3.json
selfdistill,30M_seed42_dolma_selfdistill_K2_wd0.2_lr1e-3,30m,30000000,0.25,150000000,,2,0.001,0.2,42,5.8872583918059265,360.4158630371094,3478624,True,False,dolma_sd_val_loss/chinchilla_0.25/30M/30M_seed42_dolma_selfdistill_K2_wd0.2_lr1e-3.json
selfdistill,30M_seed42_dolma_selfdistill_K2_wd0.4_lr1e-3,30m,30000000,0.25,150000000,,2,0.001,0.4,42,5.9098412227570085,368.6475524902344,3478624,True,False,dolma_sd_val_loss/chinchilla_0.25/30M/30M_seed42_dolma_selfdistill_K2_wd0.4_lr1e-3.json
selfdistill,30M_seed42_dolma_selfdistill_K2_wd0.1_lr3e-3,30m,30000000,0.25,150000000,,2,0.003,0.1,42,5.734212905878315,309.2694396972656,3478624,True,True,dolma_sd_val_loss/chinchilla_0.25/30M/30M_seed42_dolma_selfdistill_K2_wd0.1_lr3e-3.json
selfdistill,30M_seed42_dolma_selfdistill_K2_wd0.2_lr3e-3,30m,30000000,0.25,150000000,,2,0.003,0.2,42,5.760747223558708,317.5856018066406,3478624,True,False,dolma_sd_val_loss/chinchilla_0.25/30M/30M_seed42_dolma_selfdistill_K2_wd0.2_lr3e-3.json
selfdistill,30M_seed42_dolma_selfdistill_K2_wd0.4_lr3e-3,30m,30000000,0.25,150000000,,2,0.003,0.4,42,5.835271486850498,342.1575622558594,3478624,True,False,dolma_sd_val_loss/chinchilla_0.25/30M/30M_seed42_dolma_selfdistill_K2_wd0.4_lr3e-3.json
selfdistill,30M_seed42_dolma_selfdistill_K4_wd0.1_lr1e-3,30m,30000000,0.25,150000000,,4,0.001,0.1,42,5.257889435839969,192.0756378173828,3478624,True,False,dolma_sd_val_loss/chinchilla_0.25/30M/30M_seed42_dolma_selfdistill_K4_wd0.1_lr1e-3.json
selfdistill,30M_seed42_dolma_selfdistill_K4_wd0.2_lr1e-3,30m,30000000,0.25,150000000,,4,0.001,0.2,42,5.256971822092946,191.89950561523438,3478624,True,False,dolma_sd_val_loss/chinchilla_0.25/30M/30M_seed42_dolma_selfdistill_K4_wd0.2_lr1e-3.json
selfdistill,30M_seed42_dolma_selfdistill_K4_wd0.4_lr1e-3,30m,30000000,0.25,150000000,,4,0.001,0.4,42,5.280287380636621,196.42630004882812,3478624,True,False,dolma_sd_val_loss/chinchilla_0.25/30M/30M_seed42_dolma_selfdistill_K4_wd0.4_lr1e-3.json
selfdistill,30M_seed42_dolma_selfdistill_K4_wd0.1_lr3e-3,30m,30000000,0.25,150000000,,4,0.003,0.1,42,5.088701532428057,162.17916870117188,3478624,True,False,dolma_sd_val_loss/chinchilla_0.25/30M/30M_seed42_dolma_selfdistill_K4_wd0.1_lr3e-3.json
selfdistill,30M_seed42_dolma_selfdistill_K4_wd0.2_lr3e-3,30m,30000000,0.25,150000000,,4,0.003,0.2,42,5.087984049307171,162.0628204345703,3478624,True,True,dolma_sd_val_loss/chinchilla_0.25/30M/30M_seed42_dolma_selfdistill_K4_wd0.2_lr3e-3.json
selfdistill,30M_seed42_dolma_selfdistill_K4_wd0.4_lr3e-3,30m,30000000,0.25,150000000,,4,0.003,0.4,42,5.170561820250263,176.01368713378906,3478624,True,False,dolma_sd_val_loss/chinchilla_0.25/30M/30M_seed42_dolma_selfdistill_K4_wd0.4_lr3e-3.json
selfdistill,30M_seed42_dolma_selfdistill_K8_wd0.1_lr1e-3,30m,30000000,0.25,150000000,,8,0.001,0.1,42,4.578282794283723,97.34709167480469,3478624,True,False,dolma_sd_val_loss/chinchilla_0.25/30M/30M_seed42_dolma_selfdistill_K8_wd0.1_lr1e-3.json
selfdistill,30M_seed42_dolma_selfdistill_K8_wd0.2_lr1e-3,30m,30000000,0.25,150000000,,8,0.001,0.2,42,4.589628529515528,98.4578628540039,3478624,True,False,dolma_sd_val_loss/chinchilla_0.25/30M/30M_seed42_dolma_selfdistill_K8_wd0.2_lr1e-3.json
selfdistill,30M_seed42_dolma_selfdistill_K8_wd0.4_lr1e-3,30m,30000000,0.25,150000000,,8,0.001,0.4,42,4.6082794966520435,100.31143951416016,3478624,True,False,dolma_sd_val_loss/chinchilla_0.25/30M/30M_seed42_dolma_selfdistill_K8_wd0.4_lr1e-3.json
selfdistill,30M_seed42_dolma_selfdistill_K8_wd0.1_lr3e-3,30m,30000000,0.25,150000000,,8,0.003,0.1,42,4.357161045815772,78.0352783203125,3478624,True,False,dolma_sd_val_loss/chinchilla_0.25/30M/30M_seed42_dolma_selfdistill_K8_wd0.1_lr3e-3.json
selfdistill,30M_seed42_dolma_selfdistill_K8_wd0.2_lr3e-3,30m,30000000,0.25,150000000,,8,0.003,0.2,42,4.3068566966651405,74.20686340332031,3478624,True,True,dolma_sd_val_loss/chinchilla_0.25/30M/30M_seed42_dolma_selfdistill_K8_wd0.2_lr3e-3.json
selfdistill,30M_seed42_dolma_selfdistill_K8_wd0.4_lr3e-3,30m,30000000,0.25,150000000,,8,0.003,0.4,42,4.3675028987923366,78.84648132324219,3478624,True,False,dolma_sd_val_loss/chinchilla_0.25/30M/30M_seed42_dolma_selfdistill_K8_wd0.4_lr3e-3.json
selfdistill,30M_seed42_dolma_selfdistill_K16_wd0.2_lr1e-3,30m,30000000,0.25,150000000,,16,0.001,0.2,42,4.207505116061831,67.18871307373047,3478624,True,False,dolma_sd_val_loss/chinchilla_0.25/30M/30M_seed42_dolma_selfdistill_K16_wd0.2_lr1e-3.json
selfdistill,30M_seed42_dolma_selfdistill_K16_wd0.4_lr1e-3,30m,30000000,0.25,150000000,,16,0.001,0.4,42,4.2266931210006184,68.49037170410156,3478624,True,False,dolma_sd_val_loss/chinchilla_0.25/30M/30M_seed42_dolma_selfdistill_K16_wd0.4_lr1e-3.json
selfdistill,30M_seed42_dolma_selfdistill_K16_wd0.1_lr3e-3,30m,30000000,0.25,150000000,,16,0.003,0.1,42,4.028052145391666,56.15143966674805,3478624,True,True,dolma_sd_val_loss/chinchilla_0.25/30M/30M_seed42_dolma_selfdistill_K16_wd0.1_lr3e-3.json
selfdistill,30M_seed42_dolma_selfdistill_K16_wd0.2_lr3e-3,30m,30000000,0.25,150000000,,16,0.003,0.2,42,4.056352014325901,57.763214111328125,3478624,True,False,dolma_sd_val_loss/chinchilla_0.25/30M/30M_seed42_dolma_selfdistill_K16_wd0.2_lr3e-3.json
selfdistill,30M_seed42_dolma_selfdistill_K16_wd0.4_lr3e-3,30m,30000000,0.25,150000000,,16,0.003,0.4,42,4.1040889298503425,60.5875129699707,3478624,True,False,dolma_sd_val_loss/chinchilla_0.25/30M/30M_seed42_dolma_selfdistill_K16_wd0.4_lr3e-3.json
selfdistill,30M_seed42_dolma_selfdistill_K1_wd0.1_lr1e-3,30m,30000000,0.5,300000000,,1,0.001,0.1,42,5.883469983937412,359.0530090332031,3478624,True,False,dolma_sd_val_loss/chinchilla_0.5/30M/30M_seed42_dolma_selfdistill_K1_wd0.1_lr1e-3.json
selfdistill,30M_seed42_dolma_selfdistill_K1_wd0.2_lr1e-3,30m,30000000,0.5,300000000,,1,0.001,0.2,42,5.891934186892666,362.1050720214844,3478624,True,False,dolma_sd_val_loss/chinchilla_0.5/30M/30M_seed42_dolma_selfdistill_K1_wd0.2_lr1e-3.json
selfdistill,30M_seed42_dolma_selfdistill_K1_wd0.4_lr1e-3,30m,30000000,0.5,300000000,,1,0.001,0.4,42,5.919839744066413,372.3520812988281,3478624,True,False,dolma_sd_val_loss/chinchilla_0.5/30M/30M_seed42_dolma_selfdistill_K1_wd0.4_lr1e-3.json
selfdistill,30M_seed42_dolma_selfdistill_K1_wd0.1_lr3e-3,30m,30000000,0.5,300000000,,1,0.003,0.1,42,5.724092252003998,306.1553039550781,3478624,True,False,dolma_sd_val_loss/chinchilla_0.5/30M/30M_seed42_dolma_selfdistill_K1_wd0.1_lr3e-3.json
selfdistill,30M_seed42_dolma_selfdistill_K1_wd0.2_lr3e-3,30m,30000000,0.5,300000000,,1,0.003,0.2,42,5.741729084818384,311.602783203125,3478624,True,False,dolma_sd_val_loss/chinchilla_0.5/30M/30M_seed42_dolma_selfdistill_K1_wd0.2_lr3e-3.json
selfdistill,30M_seed42_dolma_selfdistill_K1_wd0.4_lr3e-3,30m,30000000,0.5,300000000,,1,0.003,0.4,42,5.721904939746605,305.4862365722656,3478624,True,True,dolma_sd_val_loss/chinchilla_0.5/30M/30M_seed42_dolma_selfdistill_K1_wd0.4_lr3e-3.json
selfdistill,30M_seed42_dolma_selfdistill_K2_wd0.1_lr1e-3,30m,30000000,0.5,300000000,,2,0.001,0.1,42,5.248117253211597,190.20785522460938,3478624,True,False,dolma_sd_val_loss/chinchilla_0.5/30M/30M_seed42_dolma_selfdistill_K2_wd0.1_lr1e-3.json
selfdistill,30M_seed42_dolma_selfdistill_K2_wd0.2_lr1e-3,30m,30000000,0.5,300000000,,2,0.001,0.2,42,5.26784001310688,193.9964599609375,3478624,True,False,dolma_sd_val_loss/chinchilla_0.5/30M/30M_seed42_dolma_selfdistill_K2_wd0.2_lr1e-3.json
selfdistill,30M_seed42_dolma_selfdistill_K2_wd0.4_lr1e-3,30m,30000000,0.5,300000000,,2,0.001,0.4,42,5.2921155943795055,198.7635040283203,3478624,True,False,dolma_sd_val_loss/chinchilla_0.5/30M/30M_seed42_dolma_selfdistill_K2_wd0.4_lr1e-3.json
selfdistill,30M_seed42_dolma_selfdistill_K2_wd0.1_lr3e-3,30m,30000000,0.5,300000000,,2,0.003,0.1,42,5.045810292857086,155.37013244628906,3478624,True,False,dolma_sd_val_loss/chinchilla_0.5/30M/30M_seed42_dolma_selfdistill_K2_wd0.1_lr3e-3.json
selfdistill,30M_seed42_dolma_selfdistill_K2_wd0.2_lr3e-3,30m,30000000,0.5,300000000,,2,0.003,0.2,42,5.008286637389705,149.64808654785156,3478624,True,True,dolma_sd_val_loss/chinchilla_0.5/30M/30M_seed42_dolma_selfdistill_K2_wd0.2_lr3e-3.json
selfdistill,30M_seed42_dolma_selfdistill_K2_wd0.4_lr3e-3,30m,30000000,0.5,300000000,,2,0.003,0.4,42,5.079854874866762,160.750732421875,3478624,True,False,dolma_sd_val_loss/chinchilla_0.5/30M/30M_seed42_dolma_selfdistill_K2_wd0.4_lr3e-3.json
selfdistill,30M_seed42_dolma_selfdistill_K4_wd0.1_lr1e-3,30m,30000000,0.5,300000000,,4,0.001,0.1,42,4.571565755662184,96.69538116455078,3478624,True,False,dolma_sd_val_loss/chinchilla_0.5/30M/30M_seed42_dolma_selfdistill_K4_wd0.1_lr1e-3.json
selfdistill,30M_seed42_dolma_selfdistill_K4_wd0.2_lr1e-3,30m,30000000,0.5,300000000,,4,0.001,0.2,42,4.574580803009772,96.98735809326172,3478624,True,False,dolma_sd_val_loss/chinchilla_0.5/30M/30M_seed42_dolma_selfdistill_K4_wd0.2_lr1e-3.json
selfdistill,30M_seed42_dolma_selfdistill_K4_wd0.4_lr1e-3,30m,30000000,0.5,300000000,,4,0.001,0.4,42,4.571521007056351,96.69104766845703,3478624,True,False,dolma_sd_val_loss/chinchilla_0.5/30M/30M_seed42_dolma_selfdistill_K4_wd0.4_lr1e-3.json
selfdistill,30M_seed42_dolma_selfdistill_K4_wd0.1_lr3e-3,30m,30000000,0.5,300000000,,4,0.003,0.1,42,4.322919468399515,75.40845489501953,3478624,True,False,dolma_sd_val_loss/chinchilla_0.5/30M/30M_seed42_dolma_selfdistill_K4_wd0.1_lr3e-3.json
selfdistill,30M_seed42_dolma_selfdistill_K4_wd0.2_lr3e-3,30m,30000000,0.5,300000000,,4,0.003,0.2,42,4.313125395099987,74.67352294921875,3478624,True,True,dolma_sd_val_loss/chinchilla_0.5/30M/30M_seed42_dolma_selfdistill_K4_wd0.2_lr3e-3.json
selfdistill,30M_seed42_dolma_selfdistill_K4_wd0.4_lr3e-3,30m,30000000,0.5,300000000,,4,0.003,0.4,42,4.425468175180739,83.55189514160156,3478624,True,False,dolma_sd_val_loss/chinchilla_0.5/30M/30M_seed42_dolma_selfdistill_K4_wd0.4_lr3e-3.json
selfdistill,30M_seed42_dolma_selfdistill_K8_wd0.1_lr1e-3,30m,30000000,0.5,300000000,,8,0.001,0.1,42,4.168792748752362,64.63736724853516,3478624,True,False,dolma_sd_val_loss/chinchilla_0.5/30M/30M_seed42_dolma_selfdistill_K8_wd0.1_lr1e-3.json
selfdistill,30M_seed42_dolma_selfdistill_K8_wd0.2_lr1e-3,30m,30000000,0.5,300000000,,8,0.001,0.2,42,4.182390159550717,65.52227783203125,3478624,True,False,dolma_sd_val_loss/chinchilla_0.5/30M/30M_seed42_dolma_selfdistill_K8_wd0.2_lr1e-3.json
selfdistill,30M_seed42_dolma_selfdistill_K8_wd0.4_lr1e-3,30m,30000000,0.5,300000000,,8,0.001,0.4,42,4.21515740207528,67.70482635498047,3478624,True,False,dolma_sd_val_loss/chinchilla_0.5/30M/30M_seed42_dolma_selfdistill_K8_wd0.4_lr1e-3.json
selfdistill,30M_seed42_dolma_selfdistill_K8_wd0.1_lr3e-3,30m,30000000,0.5,300000000,,8,0.003,0.1,42,3.9961462666119925,54.388145446777344,3478624,True,True,dolma_sd_val_loss/chinchilla_0.5/30M/30M_seed42_dolma_selfdistill_K8_wd0.1_lr3e-3.json
selfdistill,30M_seed42_dolma_selfdistill_K8_wd0.2_lr3e-3,30m,30000000,0.5,300000000,,8,0.003,0.2,42,4.0003430253179175,54.61687088012695,3478624,True,False,dolma_sd_val_loss/chinchilla_0.5/30M/30M_seed42_dolma_selfdistill_K8_wd0.2_lr3e-3.json
selfdistill,30M_seed42_dolma_selfdistill_K8_wd0.4_lr3e-3,30m,30000000,0.5,300000000,,8,0.003,0.4,42,4.033916533219767,56.481689453125,3478624,True,False,dolma_sd_val_loss/chinchilla_0.5/30M/30M_seed42_dolma_selfdistill_K8_wd0.4_lr3e-3.json
selfdistill,30M_seed42_dolma_selfdistill_K16_wd0.1_lr1e-3,30m,30000000,0.5,300000000,,16,0.001,0.1,42,3.9594563115177914,52.42880630493164,3478624,True,False,dolma_sd_val_loss/chinchilla_0.5/30M/30M_seed42_dolma_selfdistill_K16_wd0.1_lr1e-3.json
selfdistill,30M_seed42_dolma_selfdistill_K16_wd0.2_lr1e-3,30m,30000000,0.5,300000000,,16,0.001,0.2,42,3.964167480502438,52.6764030456543,3478624,True,False,dolma_sd_val_loss/chinchilla_0.5/30M/30M_seed42_dolma_selfdistill_K16_wd0.2_lr1e-3.json
selfdistill,30M_seed42_dolma_selfdistill_K16_wd0.4_lr1e-3,30m,30000000,0.5,300000000,,16,0.001,0.4,42,3.9899370515849983,54.05148696899414,3478624,True,False,dolma_sd_val_loss/chinchilla_0.5/30M/30M_seed42_dolma_selfdistill_K16_wd0.4_lr1e-3.json
selfdistill,30M_seed42_dolma_selfdistill_K16_wd0.1_lr3e-3,30m,30000000,0.5,300000000,,16,0.003,0.1,42,3.8589301653189145,47.41459655761719,3478624,True,True,dolma_sd_val_loss/chinchilla_0.5/30M/30M_seed42_dolma_selfdistill_K16_wd0.1_lr3e-3.json
selfdistill,30M_seed42_dolma_selfdistill_K16_wd0.2_lr3e-3,30m,30000000,0.5,300000000,,16,0.003,0.2,42,3.8616201187803756,47.54231643676758,3478624,True,False,dolma_sd_val_loss/chinchilla_0.5/30M/30M_seed42_dolma_selfdistill_K16_wd0.2_lr3e-3.json
selfdistill,30M_seed42_dolma_selfdistill_K16_wd0.4_lr3e-3,30m,30000000,0.5,300000000,,16,0.003,0.4,42,3.889290805534409,48.87621307373047,3478624,True,False,dolma_sd_val_loss/chinchilla_0.5/30M/30M_seed42_dolma_selfdistill_K16_wd0.4_lr3e-3.json
