source,size,N_params,chinchilla_scale,D_tokens,epochs,K_paraphrase,D_prime_tokens,tokens_trained,Dprime_over_D,D_over_N,val_loss,eta_fit,R_star_fit,D_eff_fit,val_loss_pred,resid_log,kept_in_canonical_fit
1epoch,14m,14000000,0.05,14000000,1,,0,14000000,0.0,1.0,10.2806,,,14000000,16.517284,-0.474149,False
1epoch,14m,14000000,0.1,28000000,1,,0,28000000,0.0,2.0,9.2142,,,28000000,13.065547,-0.349233,False
1epoch,14m,14000000,0.25,70000000,1,,0,70000000,0.0,5.0,8.0745,,,70000000,9.848365,-0.198595,False
1epoch,14m,14000000,0.5,140000000,1,,0,140000000,0.0,10.0,7.7081,,,140000000,8.142238,-0.054793,True
1epoch,14m,14000000,1.0,280000000,1,,0,280000000,0.0,20.0,6.8567,,,280000000,6.882696,-0.003784,True
1epoch,14m,14000000,2.0,560000000,1,,0,560000000,0.0,40.0,6.0082,,,560000000,5.952842,0.009256,True
1epoch,14m,14000000,4.0,1120000000,1,,0,1120000000,0.0,80.0,5.3075,,,1120000000,5.26638,0.007778,True
1epoch,14m,14000000,8.0,2240000000,1,,0,2240000000,0.0,160.0,4.7329,,,2240000000,4.759602,-0.005626,True
1epoch,30m,30000000,0.05,30000000,1,,0,30000000,0.0,1.0,8.1971,,,30000000,12.39329,-0.413375,False
1epoch,30m,30000000,0.1,60000000,1,,0,60000000,0.0,2.0,8.0118,,,60000000,9.920879,-0.213726,False
1epoch,30m,30000000,0.25,150000000,1,,0,150000000,0.0,5.0,7.2161,,,150000000,7.616475,-0.053999,True
1epoch,30m,30000000,0.5,300000000,1,,0,300000000,0.0,10.0,6.4435,,,300000000,6.39441,0.007648,True
1epoch,30m,30000000,1.0,600000000,1,,0,600000000,0.0,20.0,5.6831,,,600000000,5.492225,0.034163,True
1epoch,30m,30000000,2.0,1200000000,1,,0,1200000000,0.0,40.0,4.9317,,,1200000000,4.826189,0.021627,True
1epoch,30m,30000000,4.0,2400000000,1,,0,2400000000,0.0,80.0,4.1337,,,2400000000,4.33449,-0.047431,True
1epoch,30m,30000000,8.0,4800000000,1,,0,4800000000,0.0,160.0,3.8764,,,4800000000,3.971495,-0.024236,True
1epoch,30m,30000000,16.0,9600000000,1,,0,9600000000,0.0,320.0,3.7454,,,9600000000,3.703515,0.011246,True
1epoch,60m,60000000,0.05,60000000,1,,0,60000000,0.0,1.0,8.0672,,,60000000,9.639044,-0.178016,False
1epoch,60m,60000000,0.1,120000000,1,,0,120000000,0.0,2.0,7.4437,,,120000000,7.813795,-0.048523,True
1epoch,60m,60000000,0.25,300000000,1,,0,300000000,0.0,5.0,6.4191,,,300000000,6.112576,0.04893,True
1epoch,60m,60000000,0.5,600000000,1,,0,600000000,0.0,10.0,5.7064,,,600000000,5.21039,0.090934,True
1epoch,60m,60000000,1.0,1200000000,1,,0,1200000000,0.0,20.0,4.9059,,,1200000000,4.544355,0.076553,True
1epoch,60m,60000000,2.0,2400000000,1,,0,2400000000,0.0,40.0,4.0581,,,2400000000,4.052656,0.001342,True
1epoch,60m,60000000,4.0,4800000000,1,,0,4800000000,0.0,80.0,3.6284,,,4800000000,3.689661,-0.016743,True
1epoch,60m,60000000,8.0,9600000000,1,,0,9600000000,0.0,160.0,3.4235,,,9600000000,3.421681,0.000532,True
1epoch,100m,100000000,0.05,100000000,1,,0,100000000,0.0,1.0,7.618,,,100000000,8.067185,-0.057291,True
1epoch,100m,100000000,0.1,200000000,1,,0,200000000,0.0,2.0,6.8242,,,200000000,6.607728,0.032235,True
1epoch,100m,100000000,0.25,500000000,1,,0,500000000,0.0,5.0,5.8502,,,500000000,5.247445,0.108735,True
1epoch,100m,100000000,0.5,1000000000,1,,0,1000000000,0.0,10.0,4.8499,,,1000000000,4.526063,0.069106,True
1epoch,100m,100000000,1.0,2000000000,1,,0,2000000000,0.0,20.0,3.9723,,,2000000000,3.993506,-0.005324,True
1epoch,100m,100000000,2.0,4000000000,1,,0,4000000000,0.0,40.0,3.4905,,,4000000000,3.600347,-0.030985,True
1epoch,100m,100000000,4.0,8000000000,1,,0,8000000000,0.0,80.0,3.1973,,,8000000000,3.310098,-0.034671,True
1epoch,190m,190000000,0.05,190000000,1,,0,190000000,0.0,1.0,6.6618,,,190000000,6.515631,0.022186,True
1epoch,190m,190000000,0.1,380000000,1,,0,380000000,0.0,2.0,6.0518,,,380000000,5.413721,0.111419,True
1epoch,190m,190000000,0.25,950000000,1,,0,950000000,0.0,5.0,4.8364,,,950000000,4.386689,0.097596,True
1epoch,190m,190000000,0.5,1900000000,1,,0,1900000000,0.0,10.0,3.7874,,,1900000000,3.842036,-0.014323,True
1epoch,190m,190000000,1.0,3800000000,1,,0,3800000000,0.0,20.0,3.331,,,3800000000,3.439948,-0.032184,True
1epoch,190m,190000000,2.0,7600000000,1,,0,7600000000,0.0,40.0,3.0447,,,7600000000,3.143107,-0.031809,True
1epoch,190m,190000000,4.0,15200000000,1,,0,15200000000,0.0,80.0,2.8778,,,15200000000,2.923966,-0.015915,True
1epoch,190m,190000000,8.0,30400000000,1,,0,30400000000,0.0,160.0,2.7867,,,30400000000,2.762185,0.008836,True
1epoch,190m,190000000,16.0,60800000000,1,,0,60800000000,0.0,320.0,2.7356,,,60800000000,2.642751,0.03453,True
1epoch,370m,370000000,0.05,370000000,1,,0,370000000,0.0,1.0,6.0294,,,370000000,5.290709,0.130695,False
1epoch,370m,370000000,0.1,740000000,1,,0,740000000,0.0,2.0,5.1539,,,740000000,4.467673,0.142886,False
1epoch,370m,370000000,0.25,1850000000,1,,0,1850000000,0.0,5.0,3.6723,,,1850000000,3.700565,-0.007667,True
1epoch,370m,370000000,0.5,3700000000,1,,0,3700000000,0.0,10.0,3.1976,,,3700000000,3.293754,-0.029628,True
1epoch,370m,370000000,1.0,7400000000,1,,0,7400000000,0.0,20.0,2.9141,,,7400000000,2.993428,-0.026858,True
1epoch,370m,370000000,2.0,14800000000,1,,0,14800000000,0.0,40.0,2.7294,,,14800000000,2.771713,-0.015384,True
1epoch,370m,370000000,4.0,29600000000,1,,0,29600000000,0.0,80.0,2.6374,,,29600000000,2.608032,0.011198,True
1epoch,370m,370000000,8.0,59200000000,1,,0,59200000000,0.0,160.0,2.5877,,,59200000000,2.487195,0.039614,True
1epoch,600m,600000000,0.05,600000000,1,,0,600000000,0.0,1.0,5.4726,,,600000000,4.592998,0.175221,False
1epoch,600m,600000000,0.1,1200000000,1,,0,1200000000,0.0,2.0,4.1604,,,1200000000,3.926963,0.057745,True
1epoch,600m,600000000,0.25,3000000000,1,,0,3000000000,0.0,5.0,3.2421,,,3000000000,3.306186,-0.019574,True
1epoch,600m,600000000,0.5,6000000000,1,,0,6000000000,0.0,10.0,2.9227,,,6000000000,2.976977,-0.018401,True
1epoch,600m,600000000,1.0,12000000000,1,,0,12000000000,0.0,20.0,2.7273,,,12000000000,2.73394,-0.002432,True
1epoch,600m,600000000,2.0,24000000000,1,,0,24000000000,0.0,40.0,2.5787,,,24000000000,2.554519,0.009422,True
1epoch,600m,600000000,4.0,48000000000,1,,0,48000000000,0.0,80.0,2.5021,,,48000000000,2.422061,0.032511,True
repeat,14m,14000000,0.05,14000000,2,,14000000,28000000,1.0,1.0,9.2009,0.991768,60.406604,27884755,13.083142,-0.352023,False
repeat,14m,14000000,0.05,14000000,4,,42000000,56000000,3.0,1.0,8.2162,0.975574,60.406604,54974121,10.575727,-0.252454,False
repeat,14m,14000000,0.05,14000000,8,,98000000,112000000,7.0,1.0,7.8159,0.944234,60.406604,106534935,8.753579,-0.113303,True
repeat,14m,14000000,0.05,14000000,16,,210000000,224000000,15.0,1.0,7.0861,0.885511,60.406604,199957254,7.446919,-0.049665,True
repeat,14m,14000000,0.05,14000000,32,,434000000,448000000,31.0,1.0,6.4091,0.7822,60.406604,353474741,6.538143,-0.019934,True
repeat,14m,14000000,0.05,14000000,64,,882000000,896000000,63.0,1.0,6.1188,0.620923,60.406604,561653728,5.949458,0.028066,True
repeat,14m,14000000,0.1,28000000,2,,28000000,56000000,1.0,2.0,8.2144,0.989037,45.272728,55693027,10.53463,-0.248779,False
repeat,14m,14000000,0.1,28000000,4,,84000000,112000000,3.0,2.0,7.8615,0.967587,45.272728,109277337,8.693564,-0.100606,True
repeat,14m,14000000,0.1,28000000,8,,196000000,224000000,7.0,2.0,7.1053,0.926526,45.272728,209599070,7.362909,-0.035614,True
repeat,14m,14000000,0.1,28000000,16,,420000000,448000000,15.0,2.0,6.387,0.851213,45.272728,385509490,6.418585,-0.004933,True
repeat,14m,14000000,0.1,28000000,32,,868000000,896000000,31.0,2.0,5.7526,0.72404,45.272728,656466433,5.776555,-0.004156,True
repeat,14m,14000000,0.1,28000000,64,,1764000000,1792000000,63.0,2.0,5.6692,0.539906,45.272728,980393604,5.382584,0.051879,True
repeat,14m,14000000,0.25,70000000,2,,70000000,140000000,1.0,5.0,7.6403,0.984003,30.92204,138880225,8.159187,-0.065708,True
repeat,14m,14000000,0.25,70000000,4,,210000000,280000000,3.0,5.0,6.8801,0.953022,30.92204,270134692,6.938924,-0.008514,True
repeat,14m,14000000,0.25,70000000,8,,490000000,560000000,7.0,5.0,6.0321,0.894891,30.92204,508496511,6.065993,-0.005603,True
repeat,14m,14000000,0.25,70000000,16,,1050000000,1120000000,15.0,5.0,5.409,0.792344,30.92204,901960996,5.458892,-0.009182,True
repeat,14m,14000000,0.25,70000000,32,,2170000000,2240000000,31.0,5.0,5.0083,0.631455,30.92204,1440257075,5.064515,-0.011162,True
repeat,14m,14000000,0.25,70000000,64,,4410000000,4480000000,63.0,5.0,4.8192,0.426837,30.92204,1952352228,4.848252,-0.00601,True
repeat,14m,14000000,0.5,140000000,2,,140000000,280000000,1.0,10.0,6.9261,0.978732,23.175034,277022488,6.899362,0.003868,True
repeat,14m,14000000,0.5,140000000,4,,420000000,560000000,3.0,10.0,6.0471,0.93798,23.175034,533951580,6.008108,0.006469,True
repeat,14m,14000000,0.5,140000000,8,,980000000,1120000000,7.0,10.0,5.3494,0.863099,23.175034,985836859,5.377615,-0.005261,True
repeat,14m,14000000,0.5,140000000,16,,2100000000,2240000000,15.0,10.0,4.7967,0.736218,23.175034,1686057469,4.948907,-0.031239,True
repeat,14m,14000000,0.5,140000000,32,,4340000000,4480000000,31.0,10.0,4.5544,0.551369,23.175034,2532943360,4.684722,-0.028213,True
repeat,14m,14000000,1.0,280000000,2,,280000000,560000000,1.0,20.0,6.0532,0.971758,17.368913,552092111,5.969223,0.01397,True
repeat,14m,14000000,1.0,280000000,4,,840000000,1120000000,3.0,20.0,5.3521,0.918403,17.368913,1051458928,5.320658,0.005892,True
repeat,14m,14000000,1.0,280000000,8,,1960000000,2240000000,7.0,20.0,4.7893,0.82304,17.368913,1893157706,4.868853,-0.016474,True
repeat,14m,14000000,1.0,280000000,16,,4200000000,4480000000,15.0,20.0,4.4627,0.669703,17.368913,3092753068,4.571339,-0.024052,True
repeat,14m,14000000,1.0,280000000,32,,8680000000,8960000000,31.0,20.0,4.3076,0.466254,17.368913,4327083979,4.401642,-0.021597,True
repeat,14m,14000000,2.0,560000000,2,,560000000,1120000000,1.0,40.0,5.3081,0.962555,13.017419,1099030733,5.282468,0.004841,True
repeat,14m,14000000,2.0,560000000,4,,1680000000,2240000000,3.0,40.0,4.7446,0.893134,13.017419,2060465808,4.812851,-0.014283,True
repeat,14m,14000000,2.0,560000000,8,,3920000000,4480000000,7.0,40.0,4.4087,0.773484,13.017419,3592055599,4.492625,-0.018857,True
repeat,14m,14000000,2.0,560000000,16,,8400000000,8960000000,15.0,40.0,4.2379,0.593674,13.017419,5546857998,4.291265,-0.012514,True
repeat,14m,14000000,2.0,560000000,32,,17360000000,17920000000,31.0,40.0,4.1815,0.381109,13.017419,7176043950,4.188802,-0.001745,True
repeat,14m,14000000,4.0,1120000000,2,,1120000000,2240000000,1.0,80.0,4.7007,0.950457,9.75612,2184512047,4.775386,-0.015763,True
repeat,14m,14000000,4.0,1120000000,4,,3360000000,4480000000,3.0,80.0,4.4082,0.860869,9.75612,4012519874,4.437636,-0.006655,True
repeat,14m,14000000,4.0,1120000000,8,,7840000000,8960000000,7.0,80.0,4.2228,0.71363,9.75612,6714861227,4.214137,0.002054,True
repeat,14m,14000000,4.0,1120000000,16,,16800000000,17920000000,15.0,80.0,4.1109,0.510623,9.75612,9698471321,4.082728,0.006877,True
repeat,14m,14000000,8.0,2240000000,2,,2240000000,4480000000,1.0,160.0,4.3909,0.934632,7.311885,4333575298,4.400939,-0.002284,True
repeat,14m,14000000,8.0,2240000000,4,,6720000000,8960000000,3.0,160.0,4.2248,0.820254,7.311885,7752107305,4.160263,0.015394,True
repeat,14m,14000000,8.0,2240000000,8,,15680000000,17920000000,7.0,160.0,4.0934,0.643539,7.311885,12330695238,4.007639,0.021174,True
repeat,14m,14000000,8.0,2240000000,16,,33600000000,35840000000,15.0,160.0,4.0389,0.424797,7.311885,16513187222,3.926333,0.028267,True
repeat,30m,30000000,0.05,30000000,2,,30000000,60000000,1.0,1.0,8.0091,0.988827,44.414911,59664796,9.938004,-0.215788,False
repeat,30m,30000000,0.05,30000000,4,,90000000,120000000,3.0,1.0,7.5634,0.966975,44.414911,117027775,8.152469,-0.075,True
repeat,30m,30000000,0.05,30000000,8,,210000000,240000000,7.0,1.0,6.675,0.925179,44.414911,224287675,6.862494,-0.027702,True
repeat,30m,30000000,0.05,30000000,16,,450000000,480000000,15.0,1.0,5.9493,0.848645,44.414911,411890254,5.947787,0.000254,True
repeat,30m,30000000,0.05,30000000,32,,930000000,960000000,31.0,1.0,5.4662,0.719812,44.414911,699424896,5.327016,0.025793,True
repeat,30m,30000000,0.05,30000000,64,,1890000000,1920000000,63.0,1.0,5.3387,0.534325,44.414911,1039874142,4.947753,0.076049,True
repeat,30m,30000000,0.1,60000000,2,,60000000,120000000,1.0,2.0,7.5623,0.985129,33.28749,119107718,8.112478,-0.070228,True
repeat,30m,30000000,0.1,60000000,4,,180000000,240000000,3.0,2.0,6.6649,0.956262,33.28749,232127122,6.804049,-0.020663,True
repeat,30m,30000000,0.1,60000000,8,,420000000,480000000,7.0,2.0,5.9173,0.901854,33.28749,438778648,5.865862,0.008731,True
repeat,30m,30000000,0.1,60000000,16,,900000000,960000000,15.0,2.0,5.2971,0.80504,33.28749,784535948,5.210348,0.016513,True
repeat,30m,30000000,0.1,60000000,32,,1860000000,1920000000,31.0,2.0,4.8047,0.650664,33.28749,1270235881,4.779985,0.005157,True
repeat,30m,30000000,0.1,60000000,64,,3780000000,3840000000,63.0,2.0,4.6177,0.448758,33.28749,1756305660,4.537653,0.017487,True
repeat,30m,30000000,0.25,150000000,2,,150000000,300000000,1.0,5.0,6.5023,0.978327,22.735919,296749091,6.410892,0.014158,True
repeat,30m,30000000,0.25,150000000,4,,450000000,600000000,3.0,5.0,5.6828,0.936834,22.735919,571575138,5.546872,0.02421,True
repeat,30m,30000000,0.25,150000000,8,,1050000000,1200000000,7.0,5.0,4.9073,0.860712,22.735919,1053747996,4.936181,-0.005868,True
repeat,30m,30000000,0.25,150000000,16,,2250000000,2400000000,15.0,5.0,4.3311,0.732125,22.735919,1797281877,4.52168,-0.043062,True
repeat,30m,30000000,0.25,150000000,32,,4650000000,4800000000,31.0,5.0,4.1665,0.545832,22.735919,2688116992,4.267335,-0.023913,True
repeat,30m,30000000,0.25,150000000,64,,9450000000,9600000000,63.0,5.0,4.1152,0.338295,22.735919,3346888188,4.146581,-0.007597,True
repeat,30m,30000000,0.5,300000000,2,,300000000,600000000,1.0,10.0,5.6401,0.971223,17.039811,591366791,5.508422,0.023624,True
repeat,30m,30000000,0.5,300000000,4,,900000000,1200000000,3.0,10.0,4.8736,0.916917,17.039811,1125225601,4.879856,-0.001283,True
repeat,30m,30000000,0.5,300000000,8,,2100000000,2400000000,7.0,10.0,4.2115,0.820059,17.039811,2022122874,4.442511,-0.053401,True
repeat,30m,30000000,0.5,300000000,16,,4500000000,4800000000,15.0,10.0,3.9728,0.664937,17.039811,3292214450,4.155257,-0.044903,True
repeat,30m,30000000,0.5,300000000,32,,9300000000,9600000000,31.0,10.0,3.8961,0.460545,17.039811,4583071126,3.992436,-0.024425,True
repeat,30m,30000000,0.5,300000000,64,,18900000000,19200000000,63.0,10.0,3.882,0.263768,17.039811,5285206646,3.929229,-0.012093,True
repeat,30m,30000000,1.0,600000000,4,,1800000000,2400000000,3.0,20.0,4.2052,0.891226,12.770768,2204206395,4.387136,-0.042355,True
repeat,30m,30000000,1.0,600000000,8,,4200000000,4800000000,7.0,20.0,3.9541,0.769837,12.770768,3833316513,4.077427,-0.030713,True
repeat,30m,30000000,1.0,600000000,16,,9000000000,9600000000,15.0,20.0,3.8017,0.588344,12.770768,5895099884,3.883402,-0.021263,True
repeat,30m,30000000,1.0,600000000,32,,18600000000,19200000000,31.0,20.0,3.7418,0.375599,12.770768,7586138390,3.785582,-0.011633,True
repeat,30m,30000000,1.0,600000000,64,,37800000000,38400000000,63.0,20.0,3.7049,0.20125,12.770768,8207261609,3.757204,-0.014019,True
repeat,30m,30000000,2.0,1200000000,4,,3600000000,4800000000,3.0,40.0,3.8841,0.858448,9.571263,4290413356,4.023059,-0.035151,True
repeat,30m,30000000,2.0,1200000000,8,,8400000000,9600000000,7.0,40.0,3.7551,0.709291,9.571263,7158042390,3.807164,-0.01377,True
repeat,30m,30000000,2.0,1200000000,16,,18000000000,19200000000,15.0,40.0,3.7005,0.50496,9.571263,10289288646,3.680914,0.005307,True
repeat,30m,30000000,2.0,1200000000,32,,37200000000,38400000000,31.0,40.0,3.6463,0.296645,9.571263,12235186065,3.627366,0.005206,True
repeat,30m,30000000,2.0,1200000000,64,,75600000000,76800000000,63.0,40.0,3.6069,0.151714,9.571263,12669610731,3.617063,-0.002814,True
repeat,30m,30000000,4.0,2400000000,4,,7200000000,9600000000,3.0,80.0,3.7851,0.817233,7.173341,8284080748,3.753909,0.008275,True
repeat,30m,30000000,4.0,2400000000,8,,16800000000,19200000000,7.0,80.0,3.659,0.638553,7.173341,13127690714,3.606734,0.014387,True
repeat,30m,30000000,4.0,2400000000,16,,36000000000,38400000000,15.0,80.0,3.6304,0.419136,7.173341,17488908707,3.528955,0.028341,True
repeat,30m,30000000,4.0,2400000000,32,,74400000000,76800000000,31.0,80.0,3.5732,0.228325,7.173341,19387404531,3.503312,0.019753,True
repeat,30m,30000000,8.0,4800000000,2,,4800000000,9600000000,1.0,160.0,3.7343,0.912505,5.376179,9180024164,3.718464,0.00425,True
repeat,30m,30000000,8.0,4800000000,4,,14400000000,19200000000,3.0,160.0,3.6493,0.766387,5.376179,15835975674,3.554778,0.026243,True
repeat,30m,30000000,8.0,4800000000,8,,33600000000,38400000000,7.0,160.0,3.5995,0.559141,5.376179,23587129555,3.457604,0.040219,True
repeat,30m,30000000,8.0,4800000000,16,,72000000000,76800000000,15.0,160.0,3.5642,0.3364,5.376179,29020781403,3.413361,0.043242,True
repeat,30m,30000000,16.0,9600000000,2,,9600000000,19200000000,1.0,320.0,3.6549,0.885567,4.029267,18101445361,3.52026,0.037534,True
repeat,30m,30000000,16.0,9600000000,4,,28800000000,38400000000,3.0,320.0,3.5926,0.705193,4.029267,29909559329,3.407251,0.05297,True
repeat,30m,30000000,16.0,9600000000,8,,67200000000,76800000000,7.0,320.0,3.5629,0.474304,4.029267,41473229795,3.345974,0.062817,True
repeat,30m,30000000,16.0,9600000000,16,,144000000000,153600000000,15.0,320.0,3.5457,0.262126,4.029267,47346150907,3.323538,0.064706,True
repeat,60m,60000000,0.05,60000000,2,,60000000,120000000,1.0,1.0,7.4312,0.985256,33.578657,119115379,7.830498,-0.052339,True
repeat,60m,60000000,0.05,60000000,4,,180000000,240000000,3.0,1.0,6.72,0.95663,33.578657,232193386,6.521733,0.029948,True
repeat,60m,60000000,0.05,60000000,8,,420000000,480000000,7.0,1.0,5.977,0.902648,33.578657,439112096,5.583058,0.068182,True
repeat,60m,60000000,0.05,60000000,16,,900000000,960000000,15.0,1.0,5.211,0.806497,33.578657,785847169,4.92686,0.05607,True
repeat,60m,60000000,0.05,60000000,32,,1860000000,1920000000,31.0,1.0,4.6546,0.652895,33.578657,1274384942,4.495536,0.034771,True
repeat,60m,60000000,0.05,60000000,64,,3780000000,3840000000,63.0,1.0,4.5379,0.451355,33.578657,1766120201,4.251945,0.065088,True
repeat,60m,60000000,0.1,120000000,2,,120000000,240000000,1.0,2.0,6.7208,0.980393,25.16608,237647106,6.482738,0.036064,True
repeat,60m,60000000,0.1,120000000,4,,360000000,480000000,3.0,2.0,5.95,0.942695,25.16608,459370364,5.526018,0.073924,True
repeat,60m,60000000,0.1,120000000,8,,840000000,960000000,7.0,2.0,5.2172,0.87297,25.16608,853294518,4.8468,0.073642,True
repeat,60m,60000000,0.1,120000000,16,,1800000000,1920000000,15.0,2.0,4.3406,0.753323,25.16608,1475981527,4.381594,-0.0094,True
repeat,60m,60000000,0.1,120000000,32,,3720000000,3840000000,31.0,2.0,4.0327,0.574954,25.16608,2258828826,4.089957,-0.014098,True
repeat,60m,60000000,0.25,300000000,2,,300000000,600000000,1.0,5.0,5.7035,0.971467,17.188859,591440214,5.226449,0.087348,True
repeat,60m,60000000,0.25,300000000,4,,900000000,1200000000,3.0,5.0,4.8439,0.917597,17.188859,1125837344,4.597562,0.052194,True
repeat,60m,60000000,0.25,300000000,8,,2100000000,2400000000,7.0,5.0,4.0984,0.821421,17.188859,2024983969,4.159752,-0.014859,True
repeat,60m,60000000,0.25,300000000,16,,4500000000,4800000000,15.0,5.0,3.7427,0.667112,17.188859,3302003240,3.871854,-0.033926,True
repeat,60m,60000000,0.25,300000000,32,,9300000000,9600000000,31.0,5.0,3.6685,0.463144,17.188859,4607240753,3.708198,-0.010763,True
repeat,60m,60000000,0.25,300000000,64,,18900000000,19200000000,63.0,5.0,3.6014,0.265854,17.188859,5324647481,3.644204,-0.011815,True
repeat,60m,60000000,0.5,600000000,2,,600000000,1200000000,1.0,10.0,4.9164,0.962173,12.882475,1177303596,4.560125,0.075227,True
repeat,60m,60000000,0.5,600000000,4,,1800000000,2400000000,3.0,10.0,4.0728,0.892099,12.882475,2205777388,4.104852,-0.007839,True
repeat,60m,60000000,0.5,600000000,8,,4200000000,4800000000,7.0,10.0,3.6779,0.771503,12.882475,3840312455,3.794691,-0.031261,True
repeat,60m,60000000,0.5,600000000,16,,9000000000,9600000000,15.0,10.0,3.5011,0.590774,12.882475,5916970064,3.600052,-0.027871,True
repeat,60m,60000000,0.5,600000000,32,,18600000000,19200000000,31.0,10.0,3.4115,0.378104,12.882475,7632734140,3.501504,-0.026041,True
repeat,60m,60000000,0.5,600000000,64,,37800000000,38400000000,63.0,10.0,3.3789,0.202946,12.882475,8271369204,3.472617,-0.027358,True
repeat,60m,60000000,1.0,1200000000,4,,3600000000,4800000000,3.0,20.0,3.6322,0.859555,9.654984,4294397535,3.740787,-0.029458,True
repeat,60m,60000000,1.0,1200000000,8,,8400000000,9600000000,7.0,20.0,3.4454,0.711272,9.654984,7174684944,3.524456,-0.022686,True
repeat,60m,60000000,1.0,1200000000,16,,18000000000,19200000000,15.0,20.0,3.3374,0.50754,9.654984,10335720729,3.397636,-0.017888,True
repeat,60m,60000000,1.0,1200000000,32,,37200000000,38400000000,31.0,20.0,3.3004,0.298892,9.654984,12318772541,3.343509,-0.012977,True
repeat,60m,60000000,1.0,1200000000,64,,75600000000,76800000000,63.0,20.0,3.2723,0.153029,9.654984,12768993685,3.332942,-0.018362,True
repeat,60m,60000000,2.0,2400000000,4,,7200000000,9600000000,3.0,40.0,3.4269,0.818614,7.236087,8294019930,3.471652,-0.012974,True
repeat,60m,60000000,2.0,2400000000,8,,16800000000,19200000000,7.0,40.0,3.3075,0.640828,7.236087,13165909111,3.324062,-0.004995,True
repeat,60m,60000000,2.0,2400000000,16,,36000000000,38400000000,15.0,40.0,3.2443,0.421712,7.236087,17581630899,3.245777,-0.000455,True
repeat,60m,60000000,2.0,2400000000,32,,74400000000,76800000000,31.0,40.0,3.233,0.230204,7.236087,19527188496,3.219732,0.004112,True
repeat,60m,60000000,2.0,2400000000,64,,151200000000,153600000000,63.0,40.0,3.2116,0.11484,7.236087,19763734283,3.21682,-0.001624,True
repeat,60m,60000000,4.0,4800000000,4,,14400000000,19200000000,3.0,80.0,3.301,0.768072,5.423205,15860242342,3.272537,0.00866,True
repeat,60m,60000000,4.0,4800000000,8,,33600000000,38400000000,7.0,80.0,3.225,0.561639,5.423205,23671074520,3.174977,0.015632,True
repeat,60m,60000000,4.0,4800000000,16,,72000000000,76800000000,15.0,80.0,3.1852,0.338798,5.423205,29193491207,3.130319,0.01738,True
repeat,60m,60000000,4.0,4800000000,32,,148800000000,153600000000,31.0,80.0,3.1916,0.174366,5.423205,30745682057,3.119903,0.02272,True
repeat,60m,60000000,8.0,9600000000,4,,28800000000,38400000000,3.0,160.0,3.2159,0.707194,4.064511,29967174784,3.12503,0.028663,True
repeat,60m,60000000,8.0,9600000000,8,,67200000000,76800000000,7.0,160.0,3.165,0.476902,4.064511,41647792215,3.063408,0.032625,True
repeat,60m,60000000,8.0,9600000000,16,,144000000000,153600000000,15.0,160.0,3.147,0.264204,4.064511,47645381612,3.040668,0.034372,True
repeat,190m,190000000,0.05,190000000,2,,190000000,380000000,1.0,1.0,5.952,0.976662,21.089704,375565793,5.429733,0.091837,True
repeat,190m,190000000,0.05,190000000,4,,570000000,760000000,3.0,1.0,5.146,0.932131,21.089704,721314746,4.653323,0.100638,True
repeat,190m,190000000,0.05,190000000,8,,1330000000,1520000000,7.0,1.0,4.1333,0.850976,21.089704,1321797764,4.106536,0.006496,True
repeat,190m,190000000,0.05,190000000,16,,2850000000,3040000000,15.0,1.0,3.5928,0.7156,21.089704,2229460122,3.738168,-0.039664,True
repeat,190m,190000000,0.1,380000000,2,,380000000,760000000,1.0,2.0,5.175,0.969023,15.806028,748228815,4.615973,0.114317,True
repeat,190m,190000000,0.1,380000000,4,,1140000000,1520000000,3.0,2.0,4.0728,0.910829,15.806028,1418345235,4.051806,0.005168,True
repeat,190m,190000000,0.1,380000000,8,,2660000000,3040000000,7.0,2.0,3.4631,0.807933,15.806028,2529102910,3.661233,-0.055636,True
repeat,190m,190000000,0.1,380000000,16,,5700000000,6080000000,15.0,2.0,3.2827,0.645807,15.806028,4061099266,3.407428,-0.037292,True
repeat,190m,190000000,0.25,950000000,2,,950000000,1900000000,1.0,5.0,3.7622,0.955083,10.795785,1857328973,3.857389,-0.024987,True
repeat,190m,190000000,0.25,950000000,4,,2850000000,3800000000,3.0,5.0,3.2972,0.87308,10.795785,3438279078,3.490718,-0.057034,True
repeat,190m,190000000,0.25,950000000,8,,6650000000,7600000000,7.0,5.0,3.0864,0.735839,10.795785,5843329482,3.245217,-0.050177,True
repeat,190m,190000000,0.25,950000000,16,,14250000000,15200000000,15.0,5.0,3.0206,0.540353,10.795785,8650026811,3.096989,-0.024975,True
repeat,190m,190000000,0.5,1900000000,2,,1900000000,3800000000,1.0,10.0,3.2595,0.940673,8.091079,3687278049,3.454998,-0.058248,True
repeat,190m,190000000,0.5,1900000000,4,,5700000000,7600000000,3.0,10.0,3.0408,0.835548,8.091079,6662622544,3.192775,-0.04877,True
repeat,190m,190000000,0.5,1900000000,8,,13300000000,15200000000,7.0,10.0,2.9249,0.669261,8.091079,10801176874,3.023687,-0.033217,True
repeat,190m,190000000,0.5,1900000000,16,,28500000000,30400000000,15.0,10.0,2.8671,0.45492,8.091079,14865229097,2.930022,-0.021709,True
repeat,190m,190000000,1.0,3800000000,2,,3800000000,7600000000,1.0,20.0,3.039,0.921898,6.063993,7303211081,3.157836,-0.038359,True
repeat,190m,190000000,1.0,3800000000,4,,11400000000,15200000000,3.0,20.0,2.8827,0.788846,6.063993,12792841334,2.972426,-0.030651,True
repeat,190m,190000000,1.0,3800000000,8,,26600000000,30400000000,7.0,20.0,2.8502,0.593179,6.063993,19578563241,2.859124,-0.003126,True
repeat,190m,190000000,1.0,3800000000,16,,57000000000,60800000000,15.0,20.0,2.7779,0.370195,6.063993,24901108718,2.803839,-0.009294,True
repeat,190m,190000000,1.0,3800000000,32,,117800000000,121600000000,31.0,20.0,2.7574,0.194434,6.063993,26704381331,2.788827,-0.011333,True
repeat,190m,190000000,2.0,7600000000,2,,7600000000,15200000000,1.0,40.0,2.8741,0.897627,4.54476,14421967402,2.938349,-0.022108,True
repeat,190m,190000000,2.0,7600000000,4,,22800000000,30400000000,3.0,40.0,2.7999,0.732011,4.54476,24289840434,2.809287,-0.003347,True
repeat,190m,190000000,2.0,7600000000,8,,53200000000,60800000000,7.0,40.0,2.7695,0.510097,4.54476,34737157376,2.736305,0.012058,True
repeat,190m,190000000,4.0,15200000000,2,,15200000000,30400000000,1.0,80.0,2.7896,0.866577,3.406145,28371965506,2.776188,0.004819,True
repeat,190m,190000000,4.0,15200000000,4,,45600000000,60800000000,3.0,80.0,2.7381,0.664803,3.406145,45515020502,2.688279,0.018363,True
repeat,190m,190000000,8.0,30400000000,2,,30400000000,60800000000,1.0,160.0,2.7408,0.827391,2.552792,55552675194,2.656329,0.031305,True
repeat,190m,190000000,16.0,60800000000,2,,60800000000,121600000000,1.0,320.0,2.7047,0.778816,1.913232,108151999493,2.567673,0.051991,True
repeat,370m,370000000,0.05,370000000,2,,370000000,740000000,1.0,1.0,5.1426,0.969608,16.116781,728755051,4.483288,0.137202,False
repeat,370m,370000000,0.05,370000000,4,,1110000000,1480000000,3.0,1.0,3.9614,0.912445,16.116781,1382814000,3.911796,0.012601,True
repeat,370m,370000000,0.05,370000000,8,,2590000000,2960000000,7.0,1.0,3.4115,0.811138,16.116781,2470847223,3.515621,-0.030064,True
repeat,370m,370000000,0.05,370000000,16,,5550000000,5920000000,15.0,1.0,3.2618,0.650823,16.116781,3982065443,3.257436,0.001339,True
repeat,370m,370000000,0.1,740000000,2,,740000000,1480000000,1.0,2.0,4.0313,0.959725,12.078988,1450196401,3.875401,0.03944,True
repeat,370m,370000000,0.1,740000000,4,,2220000000,2960000000,3.0,2.0,3.3384,0.88549,12.078988,2705788634,3.462237,-0.036423,True
repeat,370m,370000000,0.1,740000000,8,,5180000000,5920000000,7.0,2.0,3.0968,0.758961,12.078988,4671417860,3.182421,-0.027273,True
repeat,370m,370000000,0.1,740000000,16,,11100000000,11840000000,15.0,2.0,3.0115,0.57266,12.078988,7096523015,3.009101,0.000797,True
repeat,370m,370000000,0.1,740000000,32,,22940000000,23680000000,31.0,2.0,3.0404,0.359717,12.078988,8991902161,2.924165,0.03898,True
repeat,370m,370000000,0.1,740000000,64,,46620000000,47360000000,63.0,2.0,3.0026,0.190689,12.078988,9629908077,2.901169,0.034365,True
repeat,370m,370000000,0.25,1850000000,2,,1850000000,3700000000,1.0,5.0,3.1607,0.941771,8.250153,3592276845,3.308694,-0.04576,True
repeat,370m,370000000,0.25,1850000000,4,,5550000000,7400000000,3.0,5.0,2.9488,0.838357,8.250153,6502880564,3.042737,-0.031359,True
repeat,370m,370000000,0.25,1850000000,8,,12950000000,14800000000,7.0,5.0,2.8186,0.674073,8.250153,10579247344,2.870729,-0.018326,True
repeat,370m,370000000,0.25,1850000000,16,,27750000000,29600000000,15.0,5.0,2.7617,0.460729,8.250153,14635235562,2.774785,-0.004727,True
repeat,370m,370000000,0.25,1850000000,32,,57350000000,59200000000,31.0,5.0,2.746,0.259922,8.250153,16756521515,2.738627,0.002689,True
repeat,370m,370000000,0.5,3700000000,2,,3700000000,7400000000,1.0,10.0,2.9057,0.923325,6.183214,7116300769,3.00805,-0.034618,True
repeat,370m,370000000,0.5,3700000000,4,,11100000000,14800000000,3.0,10.0,2.7548,0.79231,6.183214,12494637422,2.819833,-0.023333,True
repeat,370m,370000000,0.5,3700000000,8,,25900000000,29600000000,7.0,10.0,2.6704,0.598574,6.183214,19203055332,2.704323,-0.012623,True
repeat,370m,370000000,0.5,3700000000,16,,55500000000,59200000000,15.0,10.0,2.6763,0.375776,6.183214,24555565632,2.647383,0.010864,True
repeat,370m,370000000,0.5,3700000000,32,,114700000000,118400000000,31.0,10.0,2.6602,0.198133,6.183214,26425819421,2.631538,0.010833,True
repeat,370m,370000000,1.0,7400000000,2,,7400000000,14800000000,1.0,20.0,2.7418,0.899464,4.634112,14056034914,2.785994,-0.01599,True
repeat,370m,370000000,1.0,7400000000,4,,22200000000,29600000000,3.0,20.0,2.6505,0.736177,4.634112,23743123974,2.654817,-0.001628,True
repeat,370m,370000000,1.0,7400000000,8,,51800000000,59200000000,7.0,20.0,2.6048,0.515849,4.634112,34120959412,2.580179,0.009497,True
repeat,370m,370000000,1.0,7400000000,16,,111000000000,118400000000,15.0,20.0,2.5835,0.296803,4.634112,40345187207,2.549495,0.01325,True
repeat,370m,370000000,2.0,14800000000,2,,14800000000,29600000000,1.0,40.0,2.6353,0.868914,3.473112,27659925277,2.621939,0.005083,True
repeat,370m,370000000,2.0,14800000000,4,,44400000000,59200000000,3.0,40.0,2.5946,0.669655,3.473112,44532690934,2.532437,0.02425,True
repeat,370m,370000000,2.0,14800000000,8,,103600000000,118400000000,7.0,40.0,2.5702,0.430043,3.473112,59352425011,2.486812,0.032982,True
repeat,600m,600000000,0.05,600000000,2,,600000000,1200000000,1.0,1.0,4.5092,0.963225,13.260618,1177934744,3.942289,0.134358,False
repeat,600m,600000000,0.05,600000000,4,,1800000000,2400000000,3.0,1.0,3.3982,0.894952,13.260618,2210913527,3.485996,-0.025508,True
repeat,600m,600000000,0.05,600000000,8,,4200000000,4800000000,7.0,1.0,3.1465,0.776968,13.260618,3863267241,3.174358,-0.008815,True
repeat,600m,600000000,0.1,1200000000,2,,1200000000,2400000000,1.0,2.0,3.3587,0.951336,9.938389,2341602990,3.450301,-0.026908,True
repeat,600m,600000000,0.1,1200000000,4,,3600000000,4800000000,3.0,2.0,3.0518,0.863176,9.938389,4307435272,3.12197,-0.022733,True
repeat,600m,600000000,0.1,1200000000,8,,8400000000,9600000000,7.0,2.0,2.8755,0.717786,9.938389,7229401553,2.904213,-0.009936,True
repeat,600m,600000000,0.25,3000000000,2,,3000000000,6000000000,1.0,5.0,2.9483,0.929829,6.788088,5789487659,2.991611,-0.014583,True
repeat,600m,600000000,0.25,3000000000,4,,9000000000,12000000000,3.0,5.0,2.7244,0.808277,6.788088,10274495000,2.78215,-0.020976,True
repeat,600m,600000000,0.25,3000000000,8,,21000000000,24000000000,7.0,5.0,2.6382,0.623949,6.788088,16102931423,2.651125,-0.004887,True
repeat,600m,600000000,0.5,6000000000,2,,6000000000,12000000000,1.0,10.0,2.7243,0.907854,5.087445,11447123404,2.748243,-0.00875,True
repeat,600m,600000000,0.5,6000000000,4,,18000000000,24000000000,3.0,10.0,2.6017,0.755484,5.087445,19598714921,2.601455,9.4e-05,True
repeat,600m,600000000,0.5,6000000000,8,,42000000000,48000000000,7.0,10.0,2.5484,0.543192,5.087445,28814047070,2.515595,0.012956,True
repeat,600m,600000000,1.0,12000000000,2,,12000000000,24000000000,1.0,20.0,2.5825,0.879615,3.81287,22555385903,2.568462,0.005451,True
repeat,600m,600000000,1.0,12000000000,4,,36000000000,48000000000,3.0,20.0,2.5275,0.692296,3.81287,36922654300,2.467539,0.02401,True
repeat,600m,600000000,2.0,24000000000,2,,24000000000,48000000000,1.0,40.0,2.5041,0.843771,2.857618,44250514803,2.435604,0.027734,True
paraphrase,14m,14000000,0.5,140000000,1,1,43029559,183029559,0.307354,10.0,7.3265,0.998907,140.543668,182982543,7.609957,-0.03796,True
paraphrase,14m,14000000,0.5,140000000,1,2,89900222,229900222,0.642144,10.0,7.0777,0.997719,140.543668,229695157,7.204456,-0.017751,True
paraphrase,14m,14000000,0.5,140000000,1,4,181959292,321959292,1.299709,10.0,6.763,0.99539,140.543668,321120525,6.67584,0.012971,True
paraphrase,14m,14000000,0.5,140000000,1,8,364642377,504642377,2.604588,10.0,6.2351,0.990791,140.543668,501284334,6.083157,0.024671,True
paraphrase,14m,14000000,1.0,280000000,1,1,85571284,365571284,0.305612,20.0,6.634,0.997322,56.958907,365342129,6.492098,0.021622,True
paraphrase,14m,14000000,1.0,280000000,1,2,178334183,458334183,0.636908,20.0,6.38,0.99443,56.958907,457340833,6.195985,0.029267,True
paraphrase,14m,14000000,1.0,280000000,1,4,360913409,640913409,1.288976,20.0,5.9036,0.98877,56.958907,636860316,5.809246,0.016111,True
paraphrase,14m,14000000,1.0,280000000,1,8,723895032,1003895032,2.585339,20.0,5.4743,0.977645,56.958907,987712163,5.375912,0.018136,True
paraphrase,14m,14000000,2.0,560000000,1,1,172746714,732746714,0.308476,40.0,5.7062,0.993348,23.08405,731597616,5.663208,0.007563,True
paraphrase,14m,14000000,2.0,560000000,1,2,359813663,919813663,0.642524,40.0,5.5413,0.986211,23.08405,914852252,5.445707,0.017401,True
paraphrase,14m,14000000,2.0,560000000,1,4,728937673,1288937673,1.301674,40.0,5.2168,0.972328,23.08405,1268766741,5.163496,0.01027,True
paraphrase,14m,14000000,2.0,560000000,1,8,1461648712,2021648712,2.610087,40.0,4.8419,0.945537,23.08405,1942043584,4.851774,-0.002037,True
paraphrase,14m,14000000,4.0,1120000000,1,1,345864333,1465864333,0.308807,80.0,5.1291,0.983676,9.3554,1460218399,5.054096,0.014731,True
paraphrase,14m,14000000,4.0,1120000000,1,2,719955805,1839955805,0.642818,80.0,4.8761,0.966418,9.3554,1815778318,4.897223,-0.004323,True
paraphrase,14m,14000000,4.0,1120000000,1,4,1460297981,2580297981,1.303837,80.0,4.6737,0.933444,9.3554,2483106109,4.696557,-0.004879,True
paraphrase,14m,14000000,4.0,1120000000,1,8,2926007454,4046007454,2.612507,80.0,4.5631,0.872512,9.3554,3672977595,4.481343,0.018079,True
paraphrase,14m,14000000,8.0,2240000000,1,1,688799929,2928799929,0.3075,160.0,4.6385,0.960523,3.791515,2901608391,4.606493,0.006924,True
paraphrase,14m,14000000,8.0,2240000000,1,2,1434752185,3674752185,0.640514,160.0,4.5063,0.920095,3.791515,3560108782,4.49718,0.002026,True
paraphrase,14m,14000000,8.0,2240000000,1,4,2912763016,5152763016,1.300341,160.0,4.4274,0.846551,3.791515,4705803890,4.363,0.014653,True
paraphrase,14m,14000000,8.0,2240000000,1,8,5840626679,8080626679,2.607423,160.0,4.2946,0.72309,3.791515,6463299575,4.229036,0.015384,True
paraphrase,30m,30000000,0.5,300000000,1,1,92229264,392229264,0.307431,10.0,6.1489,0.997377,58.502059,391987354,6.013552,0.022258,True
paraphrase,30m,30000000,0.5,300000000,1,2,192300911,492300911,0.641003,10.0,5.85,0.994541,58.502059,491251234,5.72505,0.02159,True
paraphrase,30m,30000000,0.5,300000000,1,4,389387446,689387446,1.297958,10.0,5.575,0.988988,58.502059,685099635,5.348671,0.041444,True
paraphrase,30m,30000000,0.5,300000000,1,8,781094707,1081094707,2.603649,10.0,5.0603,0.978074,58.502059,1063968309,4.927795,0.026534,True
paraphrase,30m,30000000,1.0,600000000,1,1,185109027,785109027,0.308515,20.0,5.388,0.993522,23.709452,783909885,5.211139,0.033376,True
paraphrase,30m,30000000,1.0,600000000,1,2,385803162,985803162,0.643005,20.0,5.1273,0.986562,23.709452,980618605,4.999795,0.025182,True
paraphrase,30m,30000000,1.0,600000000,1,4,781771817,1381771817,1.302953,20.0,4.6489,0.973019,23.709452,1360678831,4.72563,-0.01637,True
paraphrase,30m,30000000,1.0,600000000,1,8,1566836268,2166836268,2.611394,20.0,4.275,0.946897,23.709452,2083632022,4.423029,-0.034041,True
paraphrase,30m,30000000,1.0,600000000,1,16,3174431780,3774431780,5.29072,20.0,4.0397,0.896282,23.709452,3445186228,4.131482,-0.022466,True
paraphrase,30m,30000000,1.0,600000000,1,32,6171984678,6771984678,10.286641,20.0,3.8978,0.811314,23.709452,5607416669,3.904124,-0.001621,True
paraphrase,30m,30000000,1.0,600000000,1,64,12283137296,12883137296,20.471895,20.0,3.8118,0.66975,23.709452,8826631123,3.731825,0.021204,True
paraphrase,30m,30000000,2.0,1200000000,1,1,370843038,1570843038,0.309036,40.0,4.5164,0.98409,9.60886,1564943014,4.620023,-0.022684,True
paraphrase,30m,30000000,2.0,1200000000,1,2,771482440,1971482440,0.642902,40.0,4.3329,0.96728,9.60886,1946239670,4.467754,-0.030649,True
paraphrase,30m,30000000,2.0,1200000000,1,4,1565293587,2765293587,1.304411,40.0,4.1125,0.935094,9.60886,2663697377,4.272618,-0.038196,True
paraphrase,30m,30000000,2.0,1200000000,1,8,3136461741,4336461741,2.613718,40.0,3.9939,0.875531,9.60886,3946069799,4.063179,-0.017197,True
paraphrase,30m,30000000,2.0,1200000000,1,16,6354721060,7554721060,5.295601,40.0,3.8717,0.768792,9.60886,6085459268,3.870472,0.000317,True
paraphrase,30m,30000000,2.0,1200000000,1,32,12350084872,13550084872,10.291737,40.0,3.8065,0.61374,9.60886,8779746776,3.733656,0.019322,True
paraphrase,30m,30000000,2.0,1200000000,1,64,24586312679,25786312679,20.488594,40.0,3.7411,0.413379,9.60886,11363457181,3.64972,0.024729,True
paraphrase,30m,30000000,4.0,2400000000,1,1,739428300,3139428300,0.308095,80.0,4.0514,0.961465,3.894236,3110934476,4.185576,-0.032582,True
paraphrase,30m,30000000,4.0,2400000000,1,2,1539920760,3939920760,0.641634,80.0,3.9715,0.921962,3.894236,3819747959,4.079182,-0.026753,True
paraphrase,30m,30000000,4.0,2400000000,1,4,3125520833,5525520833,1.3023,80.0,3.8848,0.849971,3.894236,5056601493,3.948415,-0.016243,True
paraphrase,30m,30000000,4.0,2400000000,1,8,6267602961,8667602961,2.611501,80.0,3.8209,0.728597,3.894236,6966554037,3.817428,0.000909,True
paraphrase,30m,30000000,4.0,2400000000,1,16,12703210246,15103210246,5.293004,80.0,3.7574,0.546746,3.894236,9345426514,3.712461,0.012032,True
paraphrase,30m,30000000,4.0,2400000000,1,32,24683586228,27083586228,10.284828,80.0,3.7184,0.351647,3.894236,11079903893,3.65753,0.016505,True
paraphrase,30m,30000000,4.0,2400000000,1,64,49141077407,51541077407,20.475449,80.0,3.7036,0.1892,3.894236,11697506746,3.640872,0.017082,True
paraphrase,30m,30000000,8.0,4800000000,1,1,1473079931,6273079931,0.306892,160.0,3.8305,0.908781,1.578238,6138707200,3.866959,-0.009473,True
paraphrase,30m,30000000,8.0,4800000000,1,2,3068567196,7868567196,0.639285,160.0,3.8112,0.822256,1.578238,7323146549,3.798626,0.003305,True
paraphrase,30m,30000000,8.0,4800000000,1,4,6232447728,11032447728,1.298427,160.0,3.7595,0.681603,1.578238,9048052011,3.723366,0.009658,True
paraphrase,30m,30000000,8.0,4800000000,1,8,12502500551,17302500551,2.604688,160.0,3.723,0.489599,1.578238,10921209324,3.662028,0.016513,True
paraphrase,30m,30000000,8.0,4800000000,1,16,25344742585,30144742585,5.280155,160.0,3.6993,0.288367,1.578238,12108589089,3.630468,0.018782,True
paraphrase,30m,30000000,8.0,4800000000,1,32,49243590070,54043590070,10.259081,160.0,3.6857,0.153607,1.578238,12364158573,3.624253,0.016812,True
paraphrase,30m,30000000,8.0,4800000000,1,64,98038895240,102838895240,20.42477,160.0,3.6654,0.077271,1.578238,12375525950,3.623981,0.011364,True
paraphrase,60m,60000000,0.5,600000000,1,1,185109027,785109027,0.308515,10.0,5.3936,0.994171,26.362618,784030098,4.929153,0.090046,True
paraphrase,60m,60000000,0.5,600000000,1,2,385803162,985803162,0.643005,10.0,5.115,0.987903,26.362618,981136160,4.717487,0.080901,True
paraphrase,60m,60000000,0.5,600000000,1,4,781771817,1381771817,1.302953,10.0,4.6183,0.97569,26.362618,1362766954,4.442603,0.038786,True
paraphrase,60m,60000000,0.5,600000000,1,8,1566836268,2166836268,2.611394,10.0,4.0777,0.952067,26.362618,2091733599,4.13869,-0.014846,True
paraphrase,60m,60000000,0.5,600000000,1,16,3174431780,3774431780,5.29072,10.0,3.7359,0.906044,26.362618,3476174654,3.845016,-0.028789,True
paraphrase,60m,60000000,0.5,600000000,1,32,6171984678,6771984678,10.286641,10.0,3.5596,0.827983,26.362618,5710296129,3.614707,-0.015363,True
paraphrase,60m,60000000,0.5,600000000,1,64,12283137296,12883137296,20.471895,10.0,3.4301,0.695396,26.362618,9141643799,3.438044,-0.002313,True
paraphrase,60m,60000000,1.0,1200000000,1,1,370843038,1570843038,0.309036,20.0,4.4051,0.985676,10.684123,1565531101,4.337913,0.01537,True
paraphrase,60m,60000000,1.0,1200000000,1,2,771482440,1971482440,0.642902,20.0,4.0228,0.970508,10.684123,1948729658,4.185069,-0.039545,True
paraphrase,60m,60000000,1.0,1200000000,1,4,1565293587,2765293587,1.304411,20.0,3.8613,0.941366,10.684123,2673513989,3.988651,-0.032449,True
paraphrase,60m,60000000,1.0,1200000000,1,8,3136461741,4336461741,2.613718,20.0,3.6546,0.887075,10.684123,3982277517,3.776893,-0.032915,True
paraphrase,60m,60000000,1.0,1200000000,1,16,6354721060,7554721060,5.295601,20.0,3.4915,0.78851,10.684123,6210760464,3.58044,-0.025154,True
paraphrase,60m,60000000,1.0,1200000000,1,32,12350084872,13550084872,10.291737,20.0,3.4052,0.641934,10.684123,9127943824,3.438552,-0.009747,True
paraphrase,60m,60000000,1.0,1200000000,1,64,24586312679,25786312679,20.488594,20.0,3.3411,0.444838,10.684123,12136918081,3.347936,-0.002044,True
paraphrase,60m,60000000,2.0,2400000000,1,1,739428300,3139428300,0.308095,40.0,3.8067,0.965252,4.330014,3113734874,3.903254,-0.025048,True
paraphrase,60m,60000000,2.0,2400000000,1,2,1539920760,3939920760,0.641634,40.0,3.6519,0.929437,4.330014,3831258752,3.795859,-0.038663,True
paraphrase,60m,60000000,2.0,2400000000,1,4,3125520833,5525520833,1.3023,40.0,3.5197,0.863627,4.330014,5099283922,3.662905,-0.039881,True
paraphrase,60m,60000000,2.0,2400000000,1,8,6267602961,8667602961,2.611501,40.0,3.437,0.750926,4.330014,7106508910,3.528053,-0.026147,True
paraphrase,60m,60000000,2.0,2400000000,1,16,12703210246,15103210246,5.293004,40.0,3.3599,0.577125,4.330014,9731342483,3.417197,-0.016909,True
paraphrase,60m,60000000,2.0,2400000000,1,32,24683586228,27083586228,10.284828,40.0,3.3175,0.381859,4.330014,11825656314,3.355738,-0.01146,True
paraphrase,60m,60000000,2.0,2400000000,1,64,49141077407,51541077407,20.475449,40.0,3.2859,0.209604,4.330014,12700190705,3.334522,-0.014689,True
paraphrase,60m,60000000,4.0,4800000000,1,1,1473079931,6273079931,0.306892,80.0,3.4452,0.917441,1.754848,6151463838,3.58429,-0.039578,True
paraphrase,60m,60000000,4.0,4800000000,1,2,3068567196,7868567196,0.639285,80.0,3.4071,0.838094,1.754848,7371748810,3.514331,-0.030988,True
paraphrase,60m,60000000,4.0,4800000000,1,4,6232447728,11032447728,1.298427,80.0,3.3637,0.706631,1.754848,9204042728,3.435748,-0.021193,True
paraphrase,60m,60000000,4.0,4800000000,1,8,12502500551,17302500551,2.604688,80.0,3.3159,0.521016,1.754848,11314008713,3.369228,-0.015955,True
paraphrase,60m,60000000,4.0,4800000000,1,16,25344742585,30144742585,5.280155,80.0,3.2906,0.315948,1.754848,12807616301,3.332061,-0.012521,True
paraphrase,60m,60000000,4.0,4800000000,1,32,49243590070,54043590070,10.259081,80.0,3.2647,0.170559,1.754848,13198920496,3.323341,-0.017803,True
paraphrase,60m,60000000,4.0,4800000000,1,64,98038895240,102838895240,20.42477,80.0,3.2447,0.085917,1.754848,13223198356,3.322812,-0.023788,True
paraphrase,190m,190000000,0.5,1900000000,1,1,586222768,2486222768,0.308538,10.0,3.5815,0.978292,7.003239,2473496873,3.67449,-0.025633,True
paraphrase,190m,190000000,0.5,1900000000,1,2,1220317325,3120317325,0.642272,10.0,3.4831,0.955515,7.003239,3066031361,3.551675,-0.019497,True
paraphrase,190m,190000000,0.5,1900000000,1,4,2476935984,4376935984,1.303651,10.0,3.3724,0.912441,7.003239,4160058924,3.395878,-0.006938,True
paraphrase,190m,190000000,0.5,1900000000,1,8,4966320009,6866320009,2.613853,10.0,3.1983,0.834586,7.003239,6044819914,3.231378,-0.010289,True
paraphrase,190m,190000000,0.5,1900000000,1,16,10064512570,11964512570,5.297112,10.0,3.0734,0.701549,7.003239,8960746872,3.08486,-0.003722,True
paraphrase,190m,190000000,0.5,1900000000,1,32,19556735649,21456735649,10.293019,10.0,2.997,0.52391,7.003239,12145968997,2.987742,0.003094,True
paraphrase,190m,190000000,0.5,1900000000,1,64,38931322080,40831322080,20.49017,10.0,2.9377,0.323458,7.003239,14492664264,2.936996,0.00024,True
paraphrase,190m,190000000,1.0,3800000000,1,1,1170147247,4970147247,0.307933,20.0,3.232,0.947663,2.838241,4908904700,3.319682,-0.026768,True
paraphrase,190m,190000000,1.0,3800000000,1,2,2437612767,6237612767,0.641477,20.0,3.1645,0.895047,2.838241,5981779000,3.235635,-0.02223,True
paraphrase,190m,190000000,1.0,3800000000,1,4,4950277711,8750277711,1.302705,20.0,3.0883,0.801934,2.838241,7769795266,3.135047,-0.015023,True
paraphrase,190m,190000000,1.0,3800000000,1,8,9929915768,13729915768,2.613136,20.0,3.0305,0.653593,2.838241,10290120477,3.039083,-0.002828,True
paraphrase,190m,190000000,1.0,3800000000,1,16,20126366715,23926366715,5.296412,20.0,2.9575,0.452965,2.838241,12916531457,2.969624,-0.004091,True
paraphrase,190m,190000000,1.0,3800000000,1,32,39108146143,42908146143,10.291617,20.0,2.9107,0.26844,2.838241,14298201033,2.94074,-0.010268,True
paraphrase,190m,190000000,2.0,7600000000,1,1,2070419295,9670419295,0.272424,40.0,3.014,0.890403,1.15027,9443507292,3.067168,-0.017486,True
paraphrase,190m,190000000,2.0,7600000000,1,2,4531079742,12131079742,0.596195,40.0,2.9808,0.780371,1.15027,11135923450,3.014159,-0.011129,True
paraphrase,190m,190000000,2.0,7600000000,1,4,9409424061,17009424061,1.238082,40.0,2.9518,0.612408,1.15027,13362405330,2.959835,-0.002718,True
paraphrase,190m,190000000,2.0,7600000000,1,8,19079032762,26679032762,2.510399,40.0,2.9227,0.406533,1.15027,15356247192,2.921204,0.000512,True
paraphrase,190m,190000000,2.0,7600000000,1,16,38882745254,46482745254,5.116151,40.0,2.879,0.2222,1.15027,16239728631,2.906318,-0.009444,True
paraphrase,190m,190000000,2.0,7600000000,1,32,75738966201,83338966201,9.965653,40.0,2.8585,0.115403,1.15027,16340539727,2.904693,-0.016031,True
paraphrase,370m,370000000,0.5,3700000000,1,1,1140489570,4840489570,0.30824,10.0,3.1342,0.954099,3.254134,4788140285,3.171287,-0.011764,True
paraphrase,370m,370000000,0.5,3700000000,1,2,2376056272,6076056272,0.642177,10.0,3.0855,0.907512,3.254134,5856298749,3.084793,0.000229,True
paraphrase,370m,370000000,0.5,3700000000,1,4,4825356437,8525356437,1.30415,10.0,3.0187,0.823905,3.254134,7675634279,2.979973,0.012912,True
paraphrase,370m,370000000,0.5,3700000000,1,8,9678912780,13378912780,2.615922,10.0,2.9176,0.687182,3.254134,10351174482,2.877674,0.013779,True
paraphrase,370m,370000000,0.5,3700000000,1,16,19617234568,23317234568,5.301955,10.0,2.8309,0.493423,3.254134,13379590008,2.799956,0.010991,True
paraphrase,370m,370000000,0.5,3700000000,1,32,38120003052,41820003052,10.302704,10.0,2.7719,0.302533,3.254134,15232550963,2.763875,0.002899,True
paraphrase,370m,370000000,1.0,7400000000,1,1,2270419295,9670419295,0.306813,20.0,2.903,0.892198,1.318821,9425663888,2.908286,-0.001819,True
paraphrase,370m,370000000,1.0,7400000000,1,2,4731079742,12131079742,0.639335,20.0,2.8626,0.792458,1.318821,11149181280,2.854279,0.002911,True
paraphrase,370m,370000000,1.0,7400000000,1,4,9609424061,17009424061,1.298571,20.0,2.838,0.636197,1.318821,13513485610,2.797112,0.014512,True
paraphrase,370m,370000000,1.0,7400000000,1,8,19279032762,26679032762,2.605275,20.0,2.7853,0.436001,1.318821,15805683954,2.75397,0.011312,True
paraphrase,370m,370000000,1.0,7400000000,1,16,39082745254,46482745254,5.281452,20.0,2.7372,0.245156,1.318821,16981360758,2.735181,0.000738,True
paraphrase,370m,370000000,1.0,7400000000,1,32,75938966201,83338966201,10.262022,20.0,2.713,0.128461,1.318821,17155199389,2.732561,-0.007184,True
paraphrase,600m,600000000,0.5,6000000000,1,1,1841057928,7841057928,0.306843,10.0,2.8901,0.922122,1.866357,7697680054,2.881018,0.003147,True
paraphrase,600m,600000000,0.5,6000000000,1,2,3835694245,9835694245,0.639282,10.0,2.8812,0.846724,1.866357,9247773036,2.81676,0.02262,True
paraphrase,600m,600000000,0.5,6000000000,1,4,7789147809,13789147809,1.298191,10.0,2.8276,0.720573,1.866357,11612648399,2.743858,0.030063,True
paraphrase,600m,600000000,0.5,6000000000,1,8,15626205559,21626205559,2.604368,10.0,2.7497,0.539098,1.866357,14424061868,2.680888,0.025344,True
paraphrase,600m,600000000,0.5,6000000000,1,16,31676841982,37676841982,5.279474,10.0,2.6935,0.332624,1.866357,16536488207,2.644156,0.01849,True
paraphrase,600m,600000000,0.5,6000000000,1,32,61546215210,67546215210,10.257703,10.0,2.6564,0.1812,1.866357,17152201002,2.634697,0.008203,True
